<?xml version="1.0" encoding="UTF-8"?>
<GenRun Id="impl_1" LaunchPart="xc7a35tcpg236-1" LaunchTime="1636213269">
  <File Type="PA-TCL" Name="testUC.tcl"/>
  <File Type="REPORTS-TCL" Name="testUC_reports.tcl"/>
  <File Type="BITSTR-MSK" Name="testUC.msk"/>
  <File Type="RDI-RDI" Name="testUC.vdi"/>
  <File Type="BG-BIT" Name="testUC.bit"/>
  <File Type="BG-DRC" Name="testUC.drc"/>
  <File Type="BG-BGN" Name="testUC.bgn"/>
  <File Type="BG-BIN" Name="testUC.bin"/>
  <File Type="BITSTR-RBT" Name="testUC.rbt"/>
  <File Type="BITSTR-NKY" Name="testUC.nky"/>
  <File Type="BITSTR-BMM" Name="testUC_bd.bmm"/>
  <File Type="BITSTR-MMI" Name="testUC.mmi"/>
  <File Type="BITSTR-SYSDEF" Name="testUC.sysdef"/>
  <File Type="BITSTR-LTX" Name="debug_nets.ltx"/>
  <File Type="BITSTR-LTX" Name="testUC.ltx"/>
  <File Type="RCFI_FILE" Name="testUC.rcfi"/>
  <File Type="WBT-USG" Name="usage_statistics_webtalk.html"/>
  <File Type="OPT-HWDEF" Name="testUC.hwdef"/>
  <File Type="PLACE-PRE-SIMILARITY" Name="testUC_incremental_reuse_pre_placed.rpt"/>
  <File Type="ROUTE-DCP" Name="testUC_routed.dcp"/>
  <File Type="ROUTE-ERROR-DCP" Name="testUC_routed_error.dcp"/>
  <File Type="ROUTE-BLACKBOX-DCP" Name="testUC_routed_bb.dcp"/>
  <File Type="ROUTE-TIMING-PB" Name="testUC_timing_summary_routed.pb"/>
  <File Type="OPT-DCP" Name="testUC_opt.dcp"/>
  <File Type="PLACE-DCP" Name="testUC_placed.dcp"/>
  <File Type="PWROPT-DCP" Name="testUC_pwropt.dcp"/>
  <File Type="POSTPLACE-PWROPT-DCP" Name="testUC_postplace_pwropt.dcp"/>
  <File Type="PHYSOPT-DCP" Name="testUC_physopt.dcp"/>
  <File Type="POSTROUTE-PHYSOPT-DCP" Name="testUC_postroute_physopt.dcp"/>
  <File Type="POSTROUTE-PHYSOPT-BLACKBOX-DCP" Name="testUC_postroute_physopt_bb.dcp"/>
  <File Type="PDI-FILE" Name="testUC.pdi"/>
  <File Type="CFI_FILE" Name="testUC.cfi"/>
  <File Type="RNPI_FILE" Name="testUC.rnpi"/>
  <File Type="NPI_FILE" Name="testUC.npi"/>
  <File Type="RBD_FILE" Name="testUC.rbd"/>
  <FileSet Name="sources" Type="DesignSrcs" RelSrcDir="$PSRCDIR/sources_1" RelGenDir="$PGENDIR/sources_1">
    <Filter Type="Srcs"/>
    <File Path="$PSRCDIR/sources_1/new/controlUnitMIPS.vhd">
      <FileInfo>
        <Attr Name="ImportPath" Val="D:/MIPScomputer_Nov15/procesador/procesador.srcs/sources_1/new/controlUnitMIPS.vhd"/>
        <Attr Name="ImportTime" Val="1637421486"/>
        <Attr Name="UsedIn" Val="synthesis"/>
        <Attr Name="UsedIn" Val="simulation"/>
      </FileInfo>
    </File>
    <File Path="$PSRCDIR/sources_1/new/freqDiv.vhd">
      <FileInfo>
        <Attr Name="ImportPath" Val="D:/MIPScomputer_Nov15/procesador/procesador.srcs/sources_1/new/freqDiv.vhd"/>
        <Attr Name="ImportTime" Val="1636995976"/>
        <Attr Name="UsedIn" Val="synthesis"/>
        <Attr Name="UsedIn" Val="simulation"/>
      </FileInfo>
    </File>
    <File Path="$PSRCDIR/sources_1/new/testUC.vhd">
      <FileInfo>
        <Attr Name="ImportPath" Val="D:/MIPScomputer_Nov15/procesador/procesador.srcs/sources_1/new/testUC.vhd"/>
        <Attr Name="ImportTime" Val="1636999154"/>
        <Attr Name="UsedIn" Val="synthesis"/>
        <Attr Name="UsedIn" Val="simulation"/>
      </FileInfo>
    </File>
    <File Path="$PSRCDIR/sources_1/new/ALUcontrolMIPS.vhd">
      <FileInfo>
        <Attr Name="AutoDisabled" Val="1"/>
        <Attr Name="ImportPath" Val="D:/MIPScomputer_Nov15/procesador/procesador.srcs/sources_1/new/ALUcontrolMIPS.vhd"/>
        <Attr Name="ImportTime" Val="1637423970"/>
        <Attr Name="UsedIn" Val="synthesis"/>
        <Attr Name="UsedIn" Val="simulation"/>
      </FileInfo>
    </File>
    <File Path="$PSRCDIR/sources_1/new/MIPSregisters.vhd">
      <FileInfo>
        <Attr Name="AutoDisabled" Val="1"/>
        <Attr Name="ImportPath" Val="D:/MIPScomputer_Nov15/procesador/procesador.srcs/sources_1/new/MIPSregisters.vhd"/>
        <Attr Name="ImportTime" Val="1637427968"/>
        <Attr Name="UsedIn" Val="synthesis"/>
        <Attr Name="UsedIn" Val="simulation"/>
      </FileInfo>
    </File>
    <File Path="$PSRCDIR/sources_1/new/mipsALU.vhd">
      <FileInfo>
        <Attr Name="AutoDisabled" Val="1"/>
        <Attr Name="ImportPath" Val="D:/MIPScomputer_Nov15/procesador/procesador.srcs/sources_1/new/mipsALU.vhd"/>
        <Attr Name="ImportTime" Val="1637421064"/>
        <Attr Name="UsedIn" Val="synthesis"/>
        <Attr Name="UsedIn" Val="simulation"/>
      </FileInfo>
    </File>
    <File Path="$PSRCDIR/sources_1/new/mux2to1_32B.vhd">
      <FileInfo>
        <Attr Name="AutoDisabled" Val="1"/>
        <Attr Name="ImportPath" Val="D:/MIPScomputer_Nov15/procesador/procesador.srcs/sources_1/new/mux2to1_32B.vhd"/>
        <Attr Name="ImportTime" Val="1636995976"/>
        <Attr Name="UsedIn" Val="synthesis"/>
        <Attr Name="UsedIn" Val="simulation"/>
      </FileInfo>
    </File>
    <File Path="$PSRCDIR/sources_1/new/mux2to1_5B.vhd">
      <FileInfo>
        <Attr Name="AutoDisabled" Val="1"/>
        <Attr Name="ImportPath" Val="D:/MIPScomputer_Nov15/procesador/procesador.srcs/sources_1/new/mux2to1_5B.vhd"/>
        <Attr Name="ImportTime" Val="1636995976"/>
        <Attr Name="UsedIn" Val="synthesis"/>
        <Attr Name="UsedIn" Val="simulation"/>
      </FileInfo>
    </File>
    <File Path="$PSRCDIR/sources_1/new/mux3to1_32B.vhd">
      <FileInfo>
        <Attr Name="AutoDisabled" Val="1"/>
        <Attr Name="ImportPath" Val="D:/MIPScomputer_Nov15/procesador/procesador.srcs/sources_1/new/mux3to1_32B.vhd"/>
        <Attr Name="ImportTime" Val="1636995976"/>
        <Attr Name="UsedIn" Val="synthesis"/>
        <Attr Name="UsedIn" Val="simulation"/>
      </FileInfo>
    </File>
    <File Path="$PSRCDIR/sources_1/new/mux4to1_32b.vhd">
      <FileInfo>
        <Attr Name="AutoDisabled" Val="1"/>
        <Attr Name="ImportPath" Val="D:/MIPScomputer_Nov15/procesador/procesador.srcs/sources_1/new/mux4to1_32b.vhd"/>
        <Attr Name="ImportTime" Val="1636995976"/>
        <Attr Name="UsedIn" Val="synthesis"/>
        <Attr Name="UsedIn" Val="simulation"/>
      </FileInfo>
    </File>
    <File Path="$PSRCDIR/sources_1/new/reg32B.vhd">
      <FileInfo>
        <Attr Name="AutoDisabled" Val="1"/>
        <Attr Name="ImportPath" Val="D:/MIPScomputer_Nov15/procesador/procesador.srcs/sources_1/new/reg32B.vhd"/>
        <Attr Name="ImportTime" Val="1636995976"/>
        <Attr Name="UsedIn" Val="synthesis"/>
        <Attr Name="UsedIn" Val="simulation"/>
      </FileInfo>
    </File>
    <File Path="$PSRCDIR/sources_1/new/signExtend.vhd">
      <FileInfo>
        <Attr Name="AutoDisabled" Val="1"/>
        <Attr Name="ImportPath" Val="D:/MIPScomputer_Nov15/procesador/procesador.srcs/sources_1/new/signExtend.vhd"/>
        <Attr Name="ImportTime" Val="1636995976"/>
        <Attr Name="UsedIn" Val="synthesis"/>
        <Attr Name="UsedIn" Val="simulation"/>
      </FileInfo>
    </File>
    <File Path="$PSRCDIR/sources_1/new/MIPSprocessor.vhd">
      <FileInfo>
        <Attr Name="AutoDisabled" Val="1"/>
        <Attr Name="ImportPath" Val="D:/MIPScomputer_Nov15/procesador/procesador.srcs/sources_1/new/MIPSprocessor.vhd"/>
        <Attr Name="ImportTime" Val="1637426432"/>
        <Attr Name="UsedIn" Val="synthesis"/>
        <Attr Name="UsedIn" Val="simulation"/>
      </FileInfo>
    </File>
    <File Path="$PSRCDIR/sources_1/new/MIPScomputer.vhd">
      <FileInfo>
        <Attr Name="AutoDisabled" Val="1"/>
        <Attr Name="ImportPath" Val="D:/MIPScomputer_Nov15/procesador/procesador.srcs/sources_1/new/MIPScomputer.vhd"/>
        <Attr Name="ImportTime" Val="1637354064"/>
        <Attr Name="UsedIn" Val="synthesis"/>
        <Attr Name="UsedIn" Val="simulation"/>
      </FileInfo>
    </File>
    <File Path="$PSRCDIR/sources_1/new/mainMemory.vhd">
      <FileInfo>
        <Attr Name="AutoDisabled" Val="1"/>
        <Attr Name="ImportPath" Val="D:/MIPScomputer_Nov15/procesador/procesador.srcs/sources_1/new/mainMemory.vhd"/>
        <Attr Name="ImportTime" Val="1637007368"/>
        <Attr Name="UsedIn" Val="synthesis"/>
        <Attr Name="UsedIn" Val="simulation"/>
      </FileInfo>
    </File>
    <Config>
      <Option Name="DesignMode" Val="RTL"/>
      <Option Name="TopModule" Val="testUC"/>
    </Config>
  </FileSet>
  <FileSet Name="constrs_in" Type="Constrs" RelSrcDir="$PSRCDIR/constrs_1">
    <Filter Type="Constrs"/>
    <File Path="$PSRCDIR/constrs_1/imports/Downloads/Basys3_Master.xdc">
      <FileInfo>
        <Attr Name="ImportPath" Val="D:/../Downloads/Basys3_Master.xdc"/>
        <Attr Name="ImportTime" Val="1636212592"/>
        <Attr Name="UsedIn" Val="synthesis"/>
        <Attr Name="UsedIn" Val="implementation"/>
      </FileInfo>
    </File>
    <Config>
      <Option Name="ConstrsType" Val="XDC"/>
    </Config>
  </FileSet>
  <FileSet Name="utils" Type="Utils" RelSrcDir="$PSRCDIR/utils_1">
    <Filter Type="Utils"/>
    <Config>
      <Option Name="TopAutoSet" Val="TRUE"/>
    </Config>
  </FileSet>
  <Strategy Version="1" Minor="2">
    <StratHandle Name="Vivado Implementation Defaults" Flow="Vivado Implementation 2020"/>
    <Step Id="init_design"/>
    <Step Id="opt_design"/>
    <Step Id="power_opt_design"/>
    <Step Id="place_design"/>
    <Step Id="post_place_power_opt_design"/>
    <Step Id="phys_opt_design"/>
    <Step Id="route_design"/>
    <Step Id="post_route_phys_opt_design"/>
    <Step Id="write_bitstream"/>
    <Step Id="write_device_image"/>
  </Strategy>
</GenRun>
