<?xml version="1.0" encoding="UTF-8"?>
<GenRun Id="synth_1" LaunchPart="xc7a35tcpg236-1" LaunchTime="1636213119">
  <File Type="PA-TCL" Name="testUC.tcl"/>
  <File Type="REPORTS-TCL" Name="testUC_reports.tcl"/>
  <File Type="RDS-RDS" Name="testUC.vds"/>
  <File Type="RDS-DCP" Name="testUC.dcp"/>
  <FileSet Name="sources" Type="DesignSrcs" RelSrcDir="$PSRCDIR/sources_1" RelGenDir="$PGENDIR/sources_1">
    <Filter Type="Srcs"/>
    <File Path="$PSRCDIR/sources_1/new/controlUnitMIPS.vhd">
      <FileInfo>
        <Attr Name="ImportPath" Val="D:/MIPScomputer_Nov15/procesador/procesador.srcs/sources_1/new/controlUnitMIPS.vhd"/>
        <Attr Name="ImportTime" Val="1637421486"/>
        <Attr Name="UsedIn" Val="synthesis"/>
        <Attr Name="UsedIn" Val="simulation"/>
      </FileInfo>
    </File>
    <File Path="$PSRCDIR/sources_1/new/freqDiv.vhd">
      <FileInfo>
        <Attr Name="ImportPath" Val="D:/MIPScomputer_Nov15/procesador/procesador.srcs/sources_1/new/freqDiv.vhd"/>
        <Attr Name="ImportTime" Val="1636995976"/>
        <Attr Name="UsedIn" Val="synthesis"/>
        <Attr Name="UsedIn" Val="simulation"/>
      </FileInfo>
    </File>
    <File Path="$PSRCDIR/sources_1/new/testUC.vhd">
      <FileInfo>
        <Attr Name="ImportPath" Val="D:/MIPScomputer_Nov15/procesador/procesador.srcs/sources_1/new/testUC.vhd"/>
        <Attr Name="ImportTime" Val="1636999154"/>
        <Attr Name="UsedIn" Val="synthesis"/>
        <Attr Name="UsedIn" Val="simulation"/>
      </FileInfo>
    </File>
    <File Path="$PSRCDIR/sources_1/new/ALUcontrolMIPS.vhd">
      <FileInfo>
        <Attr Name="AutoDisabled" Val="1"/>
        <Attr Name="ImportPath" Val="D:/MIPScomputer_Nov15/procesador/procesador.srcs/sources_1/new/ALUcontrolMIPS.vhd"/>
        <Attr Name="ImportTime" Val="1637423970"/>
        <Attr Name="UsedIn" Val="synthesis"/>
        <Attr Name="UsedIn" Val="simulation"/>
      </FileInfo>
    </File>
    <File Path="$PSRCDIR/sources_1/new/MIPSregisters.vhd">
      <FileInfo>
        <Attr Name="AutoDisabled" Val="1"/>
        <Attr Name="ImportPath" Val="D:/MIPScomputer_Nov15/procesador/procesador.srcs/sources_1/new/MIPSregisters.vhd"/>
        <Attr Name="ImportTime" Val="1637427968"/>
        <Attr Name="UsedIn" Val="synthesis"/>
        <Attr Name="UsedIn" Val="simulation"/>
      </FileInfo>
    </File>
    <File Path="$PSRCDIR/sources_1/new/mipsALU.vhd">
      <FileInfo>
        <Attr Name="AutoDisabled" Val="1"/>
        <Attr Name="ImportPath" Val="D:/MIPScomputer_Nov15/procesador/procesador.srcs/sources_1/new/mipsALU.vhd"/>
        <Attr Name="ImportTime" Val="1637421064"/>
        <Attr Name="UsedIn" Val="synthesis"/>
        <Attr Name="UsedIn" Val="simulation"/>
      </FileInfo>
    </File>
    <File Path="$PSRCDIR/sources_1/new/mux2to1_32B.vhd">
      <FileInfo>
        <Attr Name="AutoDisabled" Val="1"/>
        <Attr Name="ImportPath" Val="D:/MIPScomputer_Nov15/procesador/procesador.srcs/sources_1/new/mux2to1_32B.vhd"/>
        <Attr Name="ImportTime" Val="1636995976"/>
        <Attr Name="UsedIn" Val="synthesis"/>
        <Attr Name="UsedIn" Val="simulation"/>
      </FileInfo>
    </File>
    <File Path="$PSRCDIR/sources_1/new/mux2to1_5B.vhd">
      <FileInfo>
        <Attr Name="AutoDisabled" Val="1"/>
        <Attr Name="ImportPath" Val="D:/MIPScomputer_Nov15/procesador/procesador.srcs/sources_1/new/mux2to1_5B.vhd"/>
        <Attr Name="ImportTime" Val="1636995976"/>
        <Attr Name="UsedIn" Val="synthesis"/>
        <Attr Name="UsedIn" Val="simulation"/>
      </FileInfo>
    </File>
    <File Path="$PSRCDIR/sources_1/new/mux3to1_32B.vhd">
      <FileInfo>
        <Attr Name="AutoDisabled" Val="1"/>
        <Attr Name="ImportPath" Val="D:/MIPScomputer_Nov15/procesador/procesador.srcs/sources_1/new/mux3to1_32B.vhd"/>
        <Attr Name="ImportTime" Val="1636995976"/>
        <Attr Name="UsedIn" Val="synthesis"/>
        <Attr Name="UsedIn" Val="simulation"/>
      </FileInfo>
    </File>
    <File Path="$PSRCDIR/sources_1/new/mux4to1_32b.vhd">
      <FileInfo>
        <Attr Name="AutoDisabled" Val="1"/>
        <Attr Name="ImportPath" Val="D:/MIPScomputer_Nov15/procesador/procesador.srcs/sources_1/new/mux4to1_32b.vhd"/>
        <Attr Name="ImportTime" Val="1636995976"/>
        <Attr Name="UsedIn" Val="synthesis"/>
        <Attr Name="UsedIn" Val="simulation"/>
      </FileInfo>
    </File>
    <File Path="$PSRCDIR/sources_1/new/reg32B.vhd">
      <FileInfo>
        <Attr Name="AutoDisabled" Val="1"/>
        <Attr Name="ImportPath" Val="D:/MIPScomputer_Nov15/procesador/procesador.srcs/sources_1/new/reg32B.vhd"/>
        <Attr Name="ImportTime" Val="1636995976"/>
        <Attr Name="UsedIn" Val="synthesis"/>
        <Attr Name="UsedIn" Val="simulation"/>
      </FileInfo>
    </File>
    <File Path="$PSRCDIR/sources_1/new/signExtend.vhd">
      <FileInfo>
        <Attr Name="AutoDisabled" Val="1"/>
        <Attr Name="ImportPath" Val="D:/MIPScomputer_Nov15/procesador/procesador.srcs/sources_1/new/signExtend.vhd"/>
        <Attr Name="ImportTime" Val="1636995976"/>
        <Attr Name="UsedIn" Val="synthesis"/>
        <Attr Name="UsedIn" Val="simulation"/>
      </FileInfo>
    </File>
    <File Path="$PSRCDIR/sources_1/new/MIPSprocessor.vhd">
      <FileInfo>
        <Attr Name="AutoDisabled" Val="1"/>
        <Attr Name="ImportPath" Val="D:/MIPScomputer_Nov15/procesador/procesador.srcs/sources_1/new/MIPSprocessor.vhd"/>
        <Attr Name="ImportTime" Val="1637426432"/>
        <Attr Name="UsedIn" Val="synthesis"/>
        <Attr Name="UsedIn" Val="simulation"/>
      </FileInfo>
    </File>
    <File Path="$PSRCDIR/sources_1/new/MIPScomputer.vhd">
      <FileInfo>
        <Attr Name="AutoDisabled" Val="1"/>
        <Attr Name="ImportPath" Val="D:/MIPScomputer_Nov15/procesador/procesador.srcs/sources_1/new/MIPScomputer.vhd"/>
        <Attr Name="ImportTime" Val="1637354064"/>
        <Attr Name="UsedIn" Val="synthesis"/>
        <Attr Name="UsedIn" Val="simulation"/>
      </FileInfo>
    </File>
    <File Path="$PSRCDIR/sources_1/new/mainMemory.vhd">
      <FileInfo>
        <Attr Name="AutoDisabled" Val="1"/>
        <Attr Name="ImportPath" Val="D:/MIPScomputer_Nov15/procesador/procesador.srcs/sources_1/new/mainMemory.vhd"/>
        <Attr Name="ImportTime" Val="1637007368"/>
        <Attr Name="UsedIn" Val="synthesis"/>
        <Attr Name="UsedIn" Val="simulation"/>
      </FileInfo>
    </File>
    <Config>
      <Option Name="DesignMode" Val="RTL"/>
      <Option Name="TopModule" Val="testUC"/>
    </Config>
  </FileSet>
  <FileSet Name="constrs_in" Type="Constrs" RelSrcDir="$PSRCDIR/constrs_1">
    <Filter Type="Constrs"/>
    <File Path="$PSRCDIR/constrs_1/imports/Downloads/Basys3_Master.xdc">
      <FileInfo>
        <Attr Name="ImportPath" Val="D:/../Downloads/Basys3_Master.xdc"/>
        <Attr Name="ImportTime" Val="1636212592"/>
        <Attr Name="UsedIn" Val="synthesis"/>
        <Attr Name="UsedIn" Val="implementation"/>
      </FileInfo>
    </File>
    <Config>
      <Option Name="ConstrsType" Val="XDC"/>
    </Config>
  </FileSet>
  <FileSet Name="utils" Type="Utils" RelSrcDir="$PSRCDIR/utils_1">
    <Filter Type="Utils"/>
    <Config>
      <Option Name="TopAutoSet" Val="TRUE"/>
    </Config>
  </FileSet>
  <Strategy Version="1" Minor="2">
    <StratHandle Name="Vivado Synthesis Defaults" Flow="Vivado Synthesis 2020"/>
    <Step Id="synth_design"/>
  </Strategy>
</GenRun>
